,PROPS,THRESH
269,Pascal Siakam-blocks-under,0.5
268,T.J. McConnell-assists-over,4.5
266,Payton Pritchard-assists-over,2.5
267,Payton Pritchard-points-over,9.5
270,Aaron Nesmith-points-over,9.5
271,Obi Toppin-fgm-over,3.5
1281,Payton Pritchard-steals-under,0.5
1280,Andrew Nembhard-points-over,10.5
1279,Jrue Holiday-points-under,12.5
1278,Jayson Tatum-points-under,29.5
1277,Payton Pritchard-points-over,9.5
134,Jaylen Brown-rebounds-under,6.5
133,Payton Pritchard-steals-under,0.5
131,T.J. McConnell-assists-over,4.5
130,Jayson Tatum-points-under,29.5
132,Jrue Holiday-rebounds-under,5.5
436,Obi Toppin-fgm-over,3.5
435,Al Horford-assists-under,2.5
434,Myles Turner-steals-under,0.5
433,Jrue Holiday-points-under,12.5
846,Luke Kornet-assists-over,0.5
849,Obi Toppin-fgm-over,3.5
848,Myles Turner-steals-under,0.5
847,T.J. McConnell-fgm-over,4.5
1325,Payton Pritchard-assists-over,2.5
1326,T.J. McConnell-points-over,9.5
1329,Aaron Nesmith-points-over,9.5
1328,Jayson Tatum-points-under,29.5
1327,Luke Kornet-points-over,3.5
961,Jayson Tatum-rebounds-under,10.5
960,Obi Toppin-points-over,7.5
964,Payton Pritchard-steals-under,0.5
963,Jayson Tatum-fgm-under,9.5
962,Luke Kornet-points-over,3.5
1212,Payton Pritchard-steals-under,0.5
1208,Al Horford-rebounds-under,7.5
1210,Andrew Nembhard-points-over,10.5
1211,Luke Kornet-fgm-over,1.5
1209,Myles Turner-fg3m-over,1.5
86,Myles Turner-steals-under,0.5
89,Myles Turner-points-over,15.5
88,Obi Toppin-fgm-over,3.5
87,Jayson Tatum-fgm-under,9.5
1041,Payton Pritchard-assists-over,2.5
1042,Al Horford-assists-under,2.5
1044,Andrew Nembhard-points-over,10.5
1043,Obi Toppin-fgm-over,3.5
1872,Myles Turner-fg3m-over,1.5
1873,Obi Toppin-fgm-over,3.5
1874,Luke Kornet-fgm-over,1.5
1870,Andrew Nembhard-blocks-under,0.5
1871,Al Horford-rebounds-under,7.5
182,T.J. McConnell-points-over,9.5
186,Pascal Siakam-blocks-under,0.5
185,Al Horford-rebounds-under,7.5
184,Payton Pritchard-fgm-over,3.5
183,Jayson Tatum-rebounds-under,10.5
852,Obi Toppin-fgm-over,3.5
853,Myles Turner-points-over,15.5
851,Myles Turner-steals-under,0.5
850,Jrue Holiday-points-under,12.5
342,Payton Pritchard-assists-over,2.5
345,Pascal Siakam-assists-over,2.5
346,Payton Pritchard-steals-under,0.5
344,Jrue Holiday-points-under,12.5
343,Luke Kornet-points-over,3.5
515,Andrew Nembhard-points-over,10.5
514,Pascal Siakam-blocks-under,0.5
513,Jrue Holiday-steals-under,1.5
512,Luke Kornet-assists-over,0.5
511,Payton Pritchard-assists-over,2.5
1299,T.J. McConnell-fgm-over,4.5
1300,Aaron Nesmith-points-over,9.5
1298,Jayson Tatum-points-under,29.5
1297,Payton Pritchard-points-over,9.5
928,Payton Pritchard-fg3m-over,1.5
927,Aaron Nesmith-points-over,9.5
926,T.J. McConnell-fgm-over,4.5
925,Payton Pritchard-points-over,9.5
1783,Payton Pritchard-steals-under,0.5
1782,Jrue Holiday-rebounds-under,5.5
1781,Al Horford-rebounds-under,7.5
1780,Jayson Tatum-steals-under,1.5
1779,Jrue Holiday-points-under,12.5
1413,Luke Kornet-assists-over,0.5
1412,Payton Pritchard-points-over,9.5
1414,T.J. McConnell-fgm-over,4.5
1415,T.J. McConnell-assists-over,4.5
974,Payton Pritchard-points-over,9.5
977,Payton Pritchard-fg3m-over,1.5
976,Aaron Nesmith-points-over,9.5
975,Jayson Tatum-fgm-under,9.5
449,Payton Pritchard-assists-over,2.5
450,Jrue Holiday-rebounds-under,5.5
451,Obi Toppin-fgm-over,3.5
452,Payton Pritchard-fg3m-over,1.5
253,Aaron Nesmith-points-over,9.5
986,Obi Toppin-fgm-over,3.5
985,Derrick White-rebounds-over,3.5
984,Payton Pritchard-fgm-over,3.5
987,Luke Kornet-fgm-over,1.5
252,Derrick White-rebounds-over,3.5
254,Obi Toppin-fgm-over,3.5
255,Luke Kornet-fgm-over,1.5
1676,Al Horford-rebounds-under,7.5
1678,Payton Pritchard-fg3m-over,1.5
1677,Obi Toppin-fgm-over,3.5
1675,Jayson Tatum-rebounds-under,10.5
1517,Aaron Nesmith-points-over,9.5
1516,Obi Toppin-points-over,7.5
1519,Andrew Nembhard-points-over,10.5
1518,Al Horford-assists-under,2.5
1785,Payton Pritchard-points-over,9.5
1786,Luke Kornet-assists-over,0.5
1787,Aaron Nesmith-points-over,9.5
1784,Obi Toppin-points-over,7.5
1575,Payton Pritchard-fg3m-over,1.5
1574,Jayson Tatum-fgm-under,9.5
1573,Jayson Tatum-rebounds-under,10.5
1572,Payton Pritchard-points-over,9.5
466,Andrew Nembhard-points-over,10.5
463,Jrue Holiday-steals-under,1.5
464,Myles Turner-steals-under,0.5
465,Obi Toppin-fgm-over,3.5
1749,Obi Toppin-points-over,7.5
1750,Payton Pritchard-assists-over,2.5
1751,Jrue Holiday-points-under,12.5
1752,Al Horford-assists-under,2.5
485,Myles Turner-points-over,15.5
484,Jayson Tatum-fgm-under,9.5
483,Payton Pritchard-fgm-over,3.5
482,T.J. McConnell-points-over,9.5
264,Obi Toppin-fgm-over,3.5
265,Myles Turner-points-over,15.5
263,Luke Kornet-points-over,3.5
262,Jayson Tatum-rebounds-under,10.5
56,Payton Pritchard-assists-over,2.5
58,Jayson Tatum-steals-under,1.5
59,Myles Turner-points-over,15.5
60,Pascal Siakam-assists-over,2.5
57,Luke Kornet-points-over,3.5
801,Jayson Tatum-points-under,29.5
802,Payton Pritchard-fgm-over,3.5
803,Andrew Nembhard-points-over,10.5
804,Jaylen Brown-rebounds-under,6.5
191,Payton Pritchard-steals-under,0.5
187,Andrew Nembhard-blocks-under,0.5
188,Payton Pritchard-points-over,9.5
189,Jayson Tatum-rebounds-under,10.5
190,Al Horford-rebounds-under,7.5
647,T.J. McConnell-fgm-over,4.5
646,Payton Pritchard-fgm-over,3.5
648,Jrue Holiday-rebounds-under,5.5
649,Payton Pritchard-steals-under,0.5
1766,T.J. McConnell-assists-over,4.5
1768,Obi Toppin-fgm-over,3.5
1767,Derrick White-rebounds-over,3.5
1769,Pascal Siakam-assists-over,2.5
839,T.J. McConnell-assists-over,4.5
840,Jrue Holiday-rebounds-under,5.5
841,Jayson Tatum-fgm-under,9.5
842,Andrew Nembhard-points-over,10.5
1483,Andrew Nembhard-points-over,10.5
1480,Payton Pritchard-assists-over,2.5
1482,Luke Kornet-assists-over,0.5
1481,Jrue Holiday-points-under,12.5
152,Jrue Holiday-rebounds-under,5.5
150,Payton Pritchard-points-over,9.5
153,Aaron Nesmith-points-over,9.5
151,T.J. McConnell-assists-over,4.5
526,T.J. McConnell-assists-over,4.5
527,Andrew Nembhard-points-over,10.5
525,Payton Pritchard-points-over,9.5
528,Luke Kornet-fgm-over,1.5
472,Al Horford-rebounds-under,7.5
471,Jayson Tatum-steals-under,1.5
470,Payton Pritchard-points-over,9.5
473,Obi Toppin-fgm-over,3.5
359,Luke Kornet-fgm-over,1.5
358,Myles Turner-points-over,15.5
357,Jrue Holiday-points-under,12.5
356,Obi Toppin-points-over,7.5
1265,Luke Kornet-assists-over,0.5
1264,Payton Pritchard-points-over,9.5
1267,Myles Turner-fg3m-over,1.5
1266,Jrue Holiday-rebounds-under,5.5
70,Obi Toppin-points-over,7.5
73,Payton Pritchard-fgm-over,3.5
72,Jayson Tatum-points-under,29.5
71,T.J. McConnell-points-over,9.5
478,Payton Pritchard-assists-over,2.5
479,Payton Pritchard-fgm-over,3.5
480,Myles Turner-steals-under,0.5
481,Luke Kornet-fgm-over,1.5
33,Andrew Nembhard-points-over,10.5
32,Myles Turner-points-over,15.5
30,T.J. McConnell-points-over,9.5
31,Myles Turner-steals-under,0.5
1157,T.J. McConnell-assists-over,4.5
1156,T.J. McConnell-fgm-over,4.5
1159,Jaylen Brown-rebounds-under,6.5
1158,Derrick White-rebounds-over,3.5
1585,Payton Pritchard-points-over,9.5
1586,Jayson Tatum-rebounds-under,10.5
1588,Andrew Nembhard-points-over,10.5
1587,T.J. McConnell-assists-over,4.5
792,Jrue Holiday-points-under,12.5
793,Jayson Tatum-steals-under,1.5
794,Al Horford-assists-under,2.5
791,Jayson Tatum-points-under,29.5
160,Payton Pritchard-points-over,9.5
162,Myles Turner-steals-under,0.5
161,Derrick White-rebounds-over,3.5
163,Myles Turner-points-over,15.5
673,Aaron Nesmith-points-over,9.5
672,Myles Turner-fg3m-over,1.5
671,Jrue Holiday-points-under,12.5
670,Jayson Tatum-rebounds-under,10.5
869,Luke Kornet-fgm-over,1.5
868,Jayson Tatum-fgm-under,9.5
867,Derrick White-rebounds-over,3.5
866,Obi Toppin-points-over,7.5
1852,Jayson Tatum-fgm-under,9.5
1854,Payton Pritchard-fg3m-over,1.5
1851,Pascal Siakam-blocks-under,0.5
1853,Luke Kornet-fgm-over,1.5
731,Al Horford-assists-under,2.5
732,Obi Toppin-fgm-over,3.5
730,T.J. McConnell-fgm-over,4.5
1679,Obi Toppin-points-over,7.5
1682,Jaylen Brown-rebounds-under,6.5
1680,Payton Pritchard-assists-over,2.5
1681,Payton Pritchard-fg3m-over,1.5
724,Al Horford-rebounds-under,7.5
725,Myles Turner-steals-under,0.5
726,Pascal Siakam-assists-over,2.5
723,Payton Pritchard-points-over,9.5
1370,Jrue Holiday-rebounds-under,5.5
1369,Payton Pritchard-assists-over,2.5
1371,Myles Turner-steals-under,0.5
1372,Luke Kornet-fgm-over,1.5
1470,Obi Toppin-points-over,7.5
1473,Pascal Siakam-assists-over,2.5
1472,Luke Kornet-fgm-over,1.5
1471,Aaron Nesmith-points-over,9.5
1107,Payton Pritchard-points-over,9.5
1108,Pascal Siakam-blocks-under,0.5
1109,Payton Pritchard-fg3m-over,1.5
1110,Jaylen Brown-rebounds-under,6.5
1245,Obi Toppin-fgm-over,3.5
1244,Jayson Tatum-fgm-under,9.5
1243,T.J. McConnell-fgm-over,4.5
123,T.J. McConnell-points-over,9.5
124,Jayson Tatum-rebounds-under,10.5
126,Al Horford-rebounds-under,7.5
125,Payton Pritchard-fgm-over,3.5
382,Myles Turner-steals-under,0.5
381,Pascal Siakam-blocks-under,0.5
379,Andrew Nembhard-blocks-under,0.5
378,Obi Toppin-points-over,7.5
380,Luke Kornet-points-over,3.5
1447,Payton Pritchard-points-over,9.5
1448,Jrue Holiday-steals-under,1.5
1450,Luke Kornet-fgm-over,1.5
1449,Andrew Nembhard-points-over,10.5
539,Payton Pritchard-assists-over,2.5
540,Myles Turner-points-over,15.5
541,Andrew Nembhard-points-over,10.5
542,Payton Pritchard-steals-under,0.5
1120,Jrue Holiday-steals-under,1.5
1121,Pascal Siakam-blocks-under,0.5
1123,Payton Pritchard-steals-under,0.5
1122,Obi Toppin-fgm-over,3.5
1386,Al Horford-assists-under,2.5
1387,Obi Toppin-fgm-over,3.5
1385,Jrue Holiday-points-under,12.5
1460,Al Horford-rebounds-under,7.5
1459,Jrue Holiday-steals-under,1.5
1458,Jrue Holiday-points-under,12.5
1457,Payton Pritchard-fgm-over,3.5
1005,Jayson Tatum-rebounds-under,10.5
1004,Payton Pritchard-points-over,9.5
1006,Al Horford-rebounds-under,7.5
1007,Derrick White-rebounds-over,3.5
496,Luke Kornet-points-over,3.5
495,Obi Toppin-points-over,7.5
498,Myles Turner-fg3m-over,1.5
497,Payton Pritchard-fgm-over,3.5
1436,T.J. McConnell-assists-over,4.5
1437,Al Horford-assists-under,2.5
1435,Jayson Tatum-steals-under,1.5
1434,Payton Pritchard-assists-over,2.5
1532,Jrue Holiday-steals-under,1.5
1531,T.J. McConnell-points-over,9.5
1530,Payton Pritchard-points-over,9.5
1529,Obi Toppin-points-over,7.5
558,Myles Turner-fg3m-over,1.5
555,Jrue Holiday-points-under,12.5
556,Derrick White-rebounds-over,3.5
557,Jrue Holiday-rebounds-under,5.5
747,Andrew Nembhard-points-over,10.5
748,Payton Pritchard-steals-under,0.5
746,Myles Turner-fg3m-over,1.5
745,Jayson Tatum-rebounds-under,10.5
1494,Jayson Tatum-rebounds-under,10.5
1493,Andrew Nembhard-blocks-under,0.5
1496,Payton Pritchard-fg3m-over,1.5
1495,Obi Toppin-fgm-over,3.5
1511,Luke Kornet-assists-over,0.5
1510,Jayson Tatum-steals-under,1.5
1509,Obi Toppin-points-over,7.5
1512,Payton Pritchard-fg3m-over,1.5
607,Myles Turner-steals-under,0.5
605,Payton Pritchard-fgm-over,3.5
606,Jayson Tatum-steals-under,1.5
608,Luke Kornet-fgm-over,1.5
453,Payton Pritchard-points-over,9.5
456,Myles Turner-steals-under,0.5
455,Pascal Siakam-blocks-under,0.5
454,Derrick White-rebounds-over,3.5
739,T.J. McConnell-fgm-over,4.5
740,Obi Toppin-fgm-over,3.5
741,Luke Kornet-fgm-over,1.5
954,Payton Pritchard-points-over,9.5
953,Obi Toppin-points-over,7.5
956,Derrick White-rebounds-over,3.5
955,Luke Kornet-points-over,3.5
1834,T.J. McConnell-assists-over,4.5
1833,T.J. McConnell-fgm-over,4.5
1835,Obi Toppin-fgm-over,3.5
787,Al Horford-assists-under,2.5
786,Jayson Tatum-fgm-under,9.5
785,T.J. McConnell-fgm-over,4.5
1618,Pascal Siakam-blocks-under,0.5
1617,Jrue Holiday-steals-under,1.5
1620,Al Horford-assists-under,2.5
1619,Myles Turner-fg3m-over,1.5
331,Pascal Siakam-assists-over,2.5
330,Andrew Nembhard-points-over,10.5
329,Payton Pritchard-assists-over,2.5
332,Payton Pritchard-steals-under,0.5
663,Jrue Holiday-steals-under,1.5
664,Al Horford-rebounds-under,7.5
665,Jrue Holiday-rebounds-under,5.5
666,Myles Turner-points-over,15.5
323,T.J. McConnell-fgm-over,4.5
324,Jrue Holiday-rebounds-under,5.5
325,Obi Toppin-fgm-over,3.5
860,Payton Pritchard-points-over,9.5
861,Jrue Holiday-points-under,12.5
1856,Luke Kornet-assists-over,0.5
1855,Jrue Holiday-points-under,12.5
862,Obi Toppin-fgm-over,3.5
1857,Obi Toppin-fgm-over,3.5
477,Luke Kornet-fgm-over,1.5
476,Myles Turner-fg3m-over,1.5
475,Jrue Holiday-steals-under,1.5
474,Obi Toppin-points-over,7.5
757,Obi Toppin-fgm-over,3.5
756,Jayson Tatum-fgm-under,9.5
1000,Obi Toppin-fgm-over,3.5
998,T.J. McConnell-points-over,9.5
999,Jayson Tatum-fgm-under,9.5
755,Jrue Holiday-rebounds-under,5.5
421,Pascal Siakam-blocks-under,0.5
422,Pascal Siakam-assists-over,2.5
420,Payton Pritchard-fgm-over,3.5
419,Payton Pritchard-assists-over,2.5
997,Luke Kornet-fgm-over,1.5
996,Myles Turner-steals-under,0.5
995,Derrick White-rebounds-over,3.5
994,Jrue Holiday-steals-under,1.5
431,Jrue Holiday-steals-under,1.5
432,Jrue Holiday-rebounds-under,5.5
429,Obi Toppin-points-over,7.5
430,Payton Pritchard-assists-over,2.5
1593,T.J. McConnell-fgm-over,4.5
1592,Luke Kornet-points-over,3.5
1594,Derrick White-rebounds-over,3.5
1595,Pascal Siakam-blocks-under,0.5
1695,Payton Pritchard-points-over,9.5
1697,Jaylen Brown-rebounds-under,6.5
1696,Obi Toppin-fgm-over,3.5
612,Payton Pritchard-fg3m-over,1.5
609,Luke Kornet-points-over,3.5
610,Pascal Siakam-assists-over,2.5
611,Payton Pritchard-steals-under,0.5
401,Payton Pritchard-fgm-over,3.5
319,Andrew Nembhard-points-over,10.5
318,Obi Toppin-fgm-over,3.5
317,Jayson Tatum-points-under,29.5
403,Luke Kornet-fgm-over,1.5
402,Obi Toppin-fgm-over,3.5
118,T.J. McConnell-assists-over,4.5
119,Payton Pritchard-fg3m-over,1.5
117,Jrue Holiday-steals-under,1.5
116,Luke Kornet-points-over,3.5
1722,T.J. McConnell-fgm-over,4.5
1724,Myles Turner-points-over,15.5
1723,Al Horford-assists-under,2.5
1919,Pascal Siakam-assists-over,2.5
1917,Jayson Tatum-rebounds-under,10.5
1920,Jaylen Brown-rebounds-under,6.5
1918,Jrue Holiday-steals-under,1.5
1361,T.J. McConnell-assists-over,4.5
1360,Jayson Tatum-points-under,29.5
1362,Obi Toppin-fgm-over,3.5
1069,Obi Toppin-fgm-over,3.5
1070,Myles Turner-points-over,15.5
1071,Jaylen Brown-rebounds-under,6.5
1216,Myles Turner-steals-under,0.5
1217,Obi Toppin-fgm-over,3.5
1218,Jaylen Brown-rebounds-under,6.5
705,Al Horford-assists-under,2.5
704,T.J. McConnell-fgm-over,4.5
706,Jaylen Brown-rebounds-under,6.5
1242,Obi Toppin-fgm-over,3.5
1145,Jrue Holiday-rebounds-under,5.5
1144,Jrue Holiday-points-under,12.5
1019,Obi Toppin-fgm-over,3.5
1018,Jrue Holiday-rebounds-under,5.5
1017,Jrue Holiday-points-under,12.5
1240,T.J. McConnell-points-over,9.5
1241,Payton Pritchard-fgm-over,3.5
1146,Obi Toppin-fgm-over,3.5
1301,T.J. McConnell-assists-over,4.5
1302,Myles Turner-steals-under,0.5
1303,Obi Toppin-fgm-over,3.5
445,Jayson Tatum-fgm-under,9.5
444,T.J. McConnell-fgm-over,4.5
443,Payton Pritchard-fgm-over,3.5
335,Obi Toppin-fgm-over,3.5
334,Al Horford-rebounds-under,7.5
333,Jayson Tatum-points-under,29.5
1821,T.J. McConnell-fgm-over,4.5
1822,Myles Turner-steals-under,0.5
1823,Jayson Tatum-fgm-under,9.5
1736,Al Horford-assists-under,2.5
1735,Aaron Nesmith-points-over,9.5
1734,Luke Kornet-assists-over,0.5
1426,Pascal Siakam-blocks-under,0.5
1427,Obi Toppin-fgm-over,3.5
1425,T.J. McConnell-fgm-over,4.5
929,Myles Turner-steals-under,0.5
931,Obi Toppin-fgm-over,3.5
930,Myles Turner-fg3m-over,1.5
424,Obi Toppin-fgm-over,3.5
425,Pascal Siakam-assists-over,2.5
423,Payton Pritchard-points-over,9.5
806,Payton Pritchard-points-over,9.5
805,Andrew Nembhard-blocks-under,0.5
807,Jrue Holiday-rebounds-under,5.5
808,Aaron Nesmith-points-over,9.5
1747,Obi Toppin-fgm-over,3.5
1746,Aaron Nesmith-points-over,9.5
1167,Obi Toppin-fgm-over,3.5
1166,Jrue Holiday-points-under,12.5
1748,Payton Pritchard-steals-under,0.5
1168,Payton Pritchard-steals-under,0.5
360,Jrue Holiday-points-under,12.5
361,Aaron Nesmith-points-over,9.5
362,Al Horford-assists-under,2.5
235,Jayson Tatum-fgm-under,9.5
234,T.J. McConnell-points-over,9.5
236,Al Horford-assists-under,2.5
1032,T.J. McConnell-fgm-over,4.5
1033,T.J. McConnell-assists-over,4.5
1034,Jayson Tatum-fgm-under,9.5
1094,Obi Toppin-points-over,7.5
1095,Andrew Nembhard-blocks-under,0.5
1096,Payton Pritchard-fgm-over,3.5
1097,Myles Turner-steals-under,0.5
770,Luke Kornet-assists-over,0.5
771,Al Horford-assists-under,2.5
772,Andrew Nembhard-points-over,10.5
703,Al Horford-assists-under,2.5
702,Myles Turner-steals-under,0.5
701,Jrue Holiday-points-under,12.5
39,Jayson Tatum-steals-under,1.5
40,Jrue Holiday-steals-under,1.5
38,Jayson Tatum-points-under,29.5
37,Obi Toppin-points-over,7.5
1454,Derrick White-rebounds-over,3.5
1456,Obi Toppin-fgm-over,3.5
1455,Aaron Nesmith-points-over,9.5
1755,Jayson Tatum-steals-under,1.5
1756,Pascal Siakam-assists-over,2.5
1754,Jayson Tatum-rebounds-under,10.5
1753,Obi Toppin-points-over,7.5
1921,Luke Kornet-points-over,3.5
1924,Myles Turner-points-over,15.5
1923,Al Horford-rebounds-under,7.5
1922,Jayson Tatum-steals-under,1.5
216,Jayson Tatum-points-under,29.5
217,Al Horford-assists-under,2.5
218,Andrew Nembhard-points-over,10.5
156,Jaylen Brown-rebounds-under,6.5
154,Payton Pritchard-points-over,9.5
155,T.J. McConnell-fgm-over,4.5
586,Obi Toppin-points-over,7.5
587,Andrew Nembhard-blocks-under,0.5
588,Jayson Tatum-fgm-under,9.5
589,Payton Pritchard-steals-under,0.5
508,Jayson Tatum-points-under,29.5
509,T.J. McConnell-fgm-over,4.5
510,Myles Turner-points-over,15.5
640,T.J. McConnell-fgm-over,4.5
641,Myles Turner-fg3m-over,1.5
642,Jayson Tatum-fgm-under,9.5
892,T.J. McConnell-assists-over,4.5
891,Jayson Tatum-points-under,29.5
893,Al Horford-assists-under,2.5
991,Al Horford-assists-under,2.5
992,Payton Pritchard-fg3m-over,1.5
993,Jaylen Brown-rebounds-under,6.5
233,Obi Toppin-fgm-over,3.5
231,Payton Pritchard-points-over,9.5
232,Jrue Holiday-steals-under,1.5
7,Jrue Holiday-rebounds-under,5.5
6,Payton Pritchard-fgm-over,3.5
8,Al Horford-assists-under,2.5
1765,Obi Toppin-fgm-over,3.5
1764,Pascal Siakam-blocks-under,0.5
1763,Jrue Holiday-points-under,12.5
1087,Luke Kornet-assists-over,0.5
1084,Andrew Nembhard-blocks-under,0.5
1086,Jayson Tatum-rebounds-under,10.5
1085,T.J. McConnell-points-over,9.5
1348,Jayson Tatum-points-under,29.5
1337,T.J. McConnell-fgm-over,4.5
827,Payton Pritchard-fgm-over,3.5
828,T.J. McConnell-fgm-over,4.5
829,T.J. McConnell-assists-over,4.5
1338,T.J. McConnell-assists-over,4.5
1350,T.J. McConnell-assists-over,4.5
1349,T.J. McConnell-fgm-over,4.5
1336,Payton Pritchard-fgm-over,3.5
562,Jrue Holiday-points-under,12.5
563,Jrue Holiday-steals-under,1.5
564,Obi Toppin-fgm-over,3.5
1400,T.J. McConnell-fgm-over,4.5
1401,Luke Kornet-fgm-over,1.5
1402,Payton Pritchard-fg3m-over,1.5
9,Derrick White-rebounds-over,3.5
10,Jayson Tatum-fgm-under,9.5
11,Al Horford-assists-under,2.5
1199,Obi Toppin-points-over,7.5
1200,Payton Pritchard-points-over,9.5
1201,Jayson Tatum-fgm-under,9.5
13,Jayson Tatum-points-under,29.5
12,Payton Pritchard-assists-over,2.5
14,Al Horford-assists-under,2.5
176,Jrue Holiday-points-under,12.5
177,Jayson Tatum-fgm-under,9.5
1195,Jaylen Brown-rebounds-under,6.5
1194,Aaron Nesmith-points-over,9.5
1193,Jayson Tatum-fgm-under,9.5
178,Luke Kornet-fgm-over,1.5
1152,Myles Turner-fg3m-over,1.5
857,Payton Pritchard-points-over,9.5
1150,Payton Pritchard-points-over,9.5
858,Al Horford-rebounds-under,7.5
859,T.J. McConnell-fgm-over,4.5
1151,T.J. McConnell-fgm-over,4.5
74,T.J. McConnell-assists-over,4.5
75,Al Horford-assists-under,2.5
76,Andrew Nembhard-points-over,10.5
417,T.J. McConnell-fgm-over,4.5
416,Jrue Holiday-points-under,12.5
418,Jrue Holiday-rebounds-under,5.5
1309,Aaron Nesmith-points-over,9.5
1827,Payton Pritchard-points-over,9.5
1829,Aaron Nesmith-points-over,9.5
1307,Payton Pritchard-fgm-over,3.5
1308,Luke Kornet-assists-over,0.5
1828,Jayson Tatum-points-under,29.5
1639,Obi Toppin-points-over,7.5
1640,T.J. McConnell-fgm-over,4.5
1501,T.J. McConnell-fgm-over,4.5
1641,Payton Pritchard-fg3m-over,1.5
1500,Obi Toppin-points-over,7.5
1502,Myles Turner-points-over,15.5
307,Luke Kornet-fgm-over,1.5
305,T.J. McConnell-fgm-over,4.5
306,Andrew Nembhard-points-over,10.5
1381,Jayson Tatum-fgm-under,9.5
1380,Luke Kornet-assists-over,0.5
1379,T.J. McConnell-points-over,9.5
565,Payton Pritchard-points-over,9.5
566,Jrue Holiday-rebounds-under,5.5
567,Jayson Tatum-fgm-under,9.5
1247,Myles Turner-steals-under,0.5
53,Payton Pritchard-assists-over,2.5
1908,Jayson Tatum-rebounds-under,10.5
1707,Payton Pritchard-assists-over,2.5
1708,Al Horford-assists-under,2.5
1709,Myles Turner-points-over,15.5
1246,Al Horford-rebounds-under,7.5
1909,Myles Turner-steals-under,0.5
1910,Al Horford-assists-under,2.5
1248,Al Horford-assists-under,2.5
55,Payton Pritchard-fg3m-over,1.5
54,Al Horford-assists-under,2.5
1703,Aaron Nesmith-points-over,9.5
1702,Jayson Tatum-fgm-under,9.5
1701,Obi Toppin-points-over,7.5
1106,Luke Kornet-fgm-over,1.5
364,Al Horford-assists-under,2.5
363,T.J. McConnell-points-over,9.5
1104,Jayson Tatum-fgm-under,9.5
365,Andrew Nembhard-points-over,10.5
1105,Myles Turner-points-over,15.5
1647,Al Horford-assists-under,2.5
554,Al Horford-assists-under,2.5
1645,Jrue Holiday-steals-under,1.5
1646,T.J. McConnell-fgm-over,4.5
552,Jrue Holiday-steals-under,1.5
553,T.J. McConnell-fgm-over,4.5
486,Payton Pritchard-fgm-over,3.5
488,T.J. McConnell-fgm-over,4.5
487,Al Horford-rebounds-under,7.5
1719,Payton Pritchard-assists-over,2.5
1720,Payton Pritchard-fgm-over,3.5
1721,T.J. McConnell-fgm-over,4.5
146,Luke Kornet-fgm-over,1.5
144,Payton Pritchard-points-over,9.5
145,Luke Kornet-assists-over,0.5
1231,Jayson Tatum-points-under,29.5
1232,Al Horford-assists-under,2.5
1233,Payton Pritchard-steals-under,0.5
1567,Jrue Holiday-points-under,12.5
1566,Payton Pritchard-points-over,9.5
1568,Myles Turner-steals-under,0.5
830,Jayson Tatum-rebounds-under,10.5
1726,Al Horford-rebounds-under,7.5
1742,Jayson Tatum-fgm-under,9.5
1741,Payton Pritchard-points-over,9.5
1727,Jayson Tatum-fgm-under,9.5
1725,Luke Kornet-assists-over,0.5
1740,Payton Pritchard-assists-over,2.5
831,Luke Kornet-assists-over,0.5
1642,Luke Kornet-assists-over,0.5
1429,Al Horford-rebounds-under,7.5
832,Jayson Tatum-fgm-under,9.5
1428,Payton Pritchard-points-over,9.5
1644,Jayson Tatum-fgm-under,9.5
1643,Al Horford-rebounds-under,7.5
1430,Jayson Tatum-fgm-under,9.5
1172,Payton Pritchard-points-over,9.5
1173,T.J. McConnell-fgm-over,4.5
1174,Payton Pritchard-steals-under,0.5
580,Payton Pritchard-fgm-over,3.5
582,Jayson Tatum-fgm-under,9.5
581,Jrue Holiday-rebounds-under,5.5
1877,Luke Kornet-fgm-over,1.5
1876,Al Horford-assists-under,2.5
1875,Myles Turner-fg3m-over,1.5
789,Myles Turner-steals-under,0.5
788,Obi Toppin-points-over,7.5
790,Jayson Tatum-fgm-under,9.5
19,Jayson Tatum-fgm-under,9.5
20,Al Horford-assists-under,2.5
18,Pascal Siakam-blocks-under,0.5
1060,Luke Kornet-assists-over,0.5
1062,Al Horford-assists-under,2.5
1061,Derrick White-rebounds-over,3.5
659,Payton Pritchard-fg3m-over,1.5
658,Myles Turner-fg3m-over,1.5
656,Andrew Nembhard-blocks-under,0.5
657,Payton Pritchard-assists-over,2.5
837,Jrue Holiday-rebounds-under,5.5
838,Jaylen Brown-rebounds-under,6.5
836,T.J. McConnell-fgm-over,4.5
1333,Payton Pritchard-fgm-over,3.5
1335,Andrew Nembhard-points-over,10.5
1334,Luke Kornet-assists-over,0.5
516,Jayson Tatum-points-under,29.5
517,Payton Pritchard-fgm-over,3.5
518,Myles Turner-points-over,15.5
1075,Payton Pritchard-assists-over,2.5
1076,T.J. McConnell-assists-over,4.5
1077,Al Horford-assists-under,2.5
1252,Payton Pritchard-assists-over,2.5
903,Jayson Tatum-rebounds-under,10.5
904,T.J. McConnell-assists-over,4.5
905,Al Horford-assists-under,2.5
1253,T.J. McConnell-assists-over,4.5
1254,Al Horford-assists-under,2.5
1492,Al Horford-assists-under,2.5
1491,Luke Kornet-assists-over,0.5
1490,Luke Kornet-points-over,3.5
714,Derrick White-rebounds-over,3.5
713,Jrue Holiday-points-under,12.5
136,Derrick White-rebounds-over,3.5
137,Al Horford-assists-under,2.5
715,Al Horford-assists-under,2.5
135,Jayson Tatum-points-under,29.5
1331,T.J. McConnell-fgm-over,4.5
1330,Obi Toppin-points-over,7.5
1332,Jrue Holiday-rebounds-under,5.5
147,Jayson Tatum-points-under,29.5
149,T.J. McConnell-assists-over,4.5
148,Luke Kornet-assists-over,0.5
1127,Jrue Holiday-rebounds-under,5.5
1126,Al Horford-rebounds-under,7.5
1125,Andrew Nembhard-blocks-under,0.5
1124,Obi Toppin-points-over,7.5
946,Payton Pritchard-fg3m-over,1.5
945,Andrew Nembhard-points-over,10.5
944,Luke Kornet-assists-over,0.5
881,Jaylen Brown-rebounds-under,6.5
880,Jrue Holiday-points-under,12.5
879,Payton Pritchard-fgm-over,3.5
628,Aaron Nesmith-points-over,9.5
629,Myles Turner-points-over,15.5
630,Payton Pritchard-fg3m-over,1.5
1826,Payton Pritchard-fg3m-over,1.5
990,Payton Pritchard-fg3m-over,1.5
1825,Payton Pritchard-steals-under,0.5
1824,T.J. McConnell-fgm-over,4.5
989,Payton Pritchard-steals-under,0.5
988,T.J. McConnell-fgm-over,4.5
529,Andrew Nembhard-blocks-under,0.5
532,Pascal Siakam-assists-over,2.5
531,Andrew Nembhard-points-over,10.5
530,T.J. McConnell-assists-over,4.5
1015,Jayson Tatum-fgm-under,9.5
1014,Payton Pritchard-fgm-over,3.5
1016,Payton Pritchard-steals-under,0.5
1686,Obi Toppin-points-over,7.5
1687,Payton Pritchard-assists-over,2.5
1688,T.J. McConnell-fgm-over,4.5
105,Jrue Holiday-rebounds-under,5.5
103,Payton Pritchard-points-over,9.5
104,Jayson Tatum-points-under,29.5
34,Luke Kornet-points-over,3.5
35,Luke Kornet-assists-over,0.5
36,T.J. McConnell-fgm-over,4.5
1581,Payton Pritchard-steals-under,0.5
1580,Al Horford-assists-under,2.5
1579,Obi Toppin-points-over,7.5
99,Pascal Siakam-blocks-under,0.5
98,T.J. McConnell-assists-over,4.5
97,Luke Kornet-assists-over,0.5
96,Andrew Nembhard-blocks-under,0.5
753,Payton Pritchard-fgm-over,3.5
369,Payton Pritchard-fgm-over,3.5
370,T.J. McConnell-assists-over,4.5
371,Aaron Nesmith-points-over,9.5
754,T.J. McConnell-assists-over,4.5
752,Jayson Tatum-points-under,29.5
1611,Jrue Holiday-points-under,12.5
1718,Andrew Nembhard-points-over,10.5
1717,Myles Turner-steals-under,0.5
1716,Jayson Tatum-points-under,29.5
1612,Luke Kornet-fgm-over,1.5
1613,Payton Pritchard-fg3m-over,1.5
522,Myles Turner-fg3m-over,1.5
878,Jaylen Brown-rebounds-under,6.5
523,Jayson Tatum-fgm-under,9.5
877,Jayson Tatum-fgm-under,9.5
876,Jayson Tatum-rebounds-under,10.5
524,Jaylen Brown-rebounds-under,6.5
1339,Jayson Tatum-points-under,29.5
661,Jayson Tatum-rebounds-under,10.5
1340,Luke Kornet-assists-over,0.5
1926,Luke Kornet-assists-over,0.5
1925,Jayson Tatum-points-under,29.5
660,Payton Pritchard-points-over,9.5
1788,Payton Pritchard-fgm-over,3.5
1789,Luke Kornet-assists-over,0.5
1790,Al Horford-rebounds-under,7.5
1341,Myles Turner-fg3m-over,1.5
1927,Al Horford-rebounds-under,7.5
662,Jayson Tatum-points-under,29.5
1907,Myles Turner-steals-under,0.5
200,Myles Turner-steals-under,0.5
199,T.J. McConnell-points-over,9.5
198,Payton Pritchard-points-over,9.5
1905,T.J. McConnell-points-over,9.5
1906,Luke Kornet-assists-over,0.5
751,Aaron Nesmith-points-over,9.5
1487,T.J. McConnell-points-over,9.5
750,Jrue Holiday-rebounds-under,5.5
749,Jayson Tatum-points-under,29.5
1488,Jayson Tatum-points-under,29.5
1489,Payton Pritchard-fgm-over,3.5
536,Luke Kornet-points-over,3.5
1674,T.J. McConnell-fgm-over,4.5
1672,Luke Kornet-points-over,3.5
538,T.J. McConnell-fgm-over,4.5
1673,Jayson Tatum-points-under,29.5
537,Jrue Holiday-points-under,12.5
1213,Luke Kornet-assists-over,0.5
1215,Luke Kornet-fgm-over,1.5
1214,T.J. McConnell-assists-over,4.5
1114,Payton Pritchard-fgm-over,3.5
1864,Obi Toppin-points-over,7.5
1115,T.J. McConnell-assists-over,4.5
1116,Myles Turner-points-over,15.5
1865,Jayson Tatum-points-under,29.5
1866,Myles Turner-steals-under,0.5
1103,Myles Turner-points-over,15.5
1102,Jrue Holiday-points-under,12.5
1101,Obi Toppin-points-over,7.5
1118,Al Horford-rebounds-under,7.5
1117,Obi Toppin-points-over,7.5
1119,Jayson Tatum-fgm-under,9.5
821,Aaron Nesmith-points-over,9.5
822,Andrew Nembhard-points-over,10.5
823,Jaylen Brown-rebounds-under,6.5
1037,Jaylen Brown-rebounds-under,6.5
1035,Jayson Tatum-points-under,29.5
1036,Luke Kornet-fgm-over,1.5
292,Myles Turner-fg3m-over,1.5
1422,Al Horford-rebounds-under,7.5
1744,T.J. McConnell-fgm-over,4.5
290,Jayson Tatum-rebounds-under,10.5
1743,Payton Pritchard-assists-over,2.5
291,T.J. McConnell-fgm-over,4.5
1424,Myles Turner-fg3m-over,1.5
1745,Myles Turner-fg3m-over,1.5
1423,T.J. McConnell-fgm-over,4.5
1715,Luke Kornet-fgm-over,1.5
1714,Obi Toppin-fgm-over,3.5
1713,Jayson Tatum-steals-under,1.5
591,Al Horford-rebounds-under,7.5
592,Myles Turner-steals-under,0.5
590,Luke Kornet-assists-over,0.5
1040,Myles Turner-points-over,15.5
446,Jayson Tatum-rebounds-under,10.5
1191,Luke Kornet-assists-over,0.5
1190,Jayson Tatum-rebounds-under,10.5
1038,Payton Pritchard-assists-over,2.5
1192,Myles Turner-points-over,15.5
447,Luke Kornet-assists-over,0.5
448,Payton Pritchard-fg3m-over,1.5
820,Myles Turner-points-over,15.5
819,Luke Kornet-assists-over,0.5
818,Jayson Tatum-rebounds-under,10.5
313,Myles Turner-points-over,15.5
1039,Luke Kornet-assists-over,0.5
311,Luke Kornet-assists-over,0.5
312,Al Horford-rebounds-under,7.5
634,Jayson Tatum-points-under,29.5
635,Myles Turner-fg3m-over,1.5
636,Aaron Nesmith-points-over,9.5
1556,Myles Turner-fg3m-over,1.5
1555,Payton Pritchard-fgm-over,3.5
1554,Jayson Tatum-points-under,29.5
1776,Jayson Tatum-points-under,29.5
1777,Payton Pritchard-fgm-over,3.5
1778,Al Horford-rebounds-under,7.5
353,Payton Pritchard-fgm-over,3.5
355,Myles Turner-points-over,15.5
354,Jrue Holiday-rebounds-under,5.5
1135,T.J. McConnell-points-over,9.5
1136,Al Horford-rebounds-under,7.5
1137,Jayson Tatum-fgm-under,9.5
1812,Obi Toppin-points-over,7.5
1813,Payton Pritchard-fgm-over,3.5
1814,Luke Kornet-fgm-over,1.5
1074,Payton Pritchard-steals-under,0.5
1072,T.J. McConnell-fgm-over,4.5
1073,Jrue Holiday-rebounds-under,5.5
1621,Andrew Nembhard-points-over,10.5
1622,Luke Kornet-fgm-over,1.5
1623,Payton Pritchard-fg3m-over,1.5
1582,Payton Pritchard-assists-over,2.5
1584,Pascal Siakam-assists-over,2.5
1583,Al Horford-assists-under,2.5
2,Jayson Tatum-fgm-under,9.5
1,Payton Pritchard-fgm-over,3.5
0,Luke Kornet-points-over,3.5
399,Jayson Tatum-fgm-under,9.5
400,Al Horford-assists-under,2.5
398,Jayson Tatum-steals-under,1.5
1045,Payton Pritchard-fgm-over,3.5
1928,Payton Pritchard-fgm-over,3.5
1929,T.J. McConnell-fgm-over,4.5
1930,Pascal Siakam-blocks-under,0.5
559,Payton Pritchard-fgm-over,3.5
1046,T.J. McConnell-fgm-over,4.5
561,Pascal Siakam-blocks-under,0.5
560,T.J. McConnell-fgm-over,4.5
1047,Pascal Siakam-blocks-under,0.5
1010,Luke Kornet-fgm-over,1.5
1009,Myles Turner-fg3m-over,1.5
1296,Andrew Nembhard-points-over,10.5
1295,Jayson Tatum-rebounds-under,10.5
1294,Payton Pritchard-points-over,9.5
1008,Luke Kornet-assists-over,0.5
375,Luke Kornet-assists-over,0.5
376,Myles Turner-fg3m-over,1.5
377,Luke Kornet-fgm-over,1.5
1353,Myles Turner-points-over,15.5
1352,Jayson Tatum-fgm-under,9.5
1351,Derrick White-rebounds-over,3.5
63,T.J. McConnell-points-over,9.5
61,Obi Toppin-points-over,7.5
62,Payton Pritchard-points-over,9.5
681,Payton Pritchard-fgm-over,3.5
680,Payton Pritchard-assists-over,2.5
682,Myles Turner-steals-under,0.5
543,Al Horford-rebounds-under,7.5
545,Myles Turner-points-over,15.5
544,Aaron Nesmith-points-over,9.5
1249,Payton Pritchard-assists-over,2.5
51,Jayson Tatum-points-under,29.5
1250,Jayson Tatum-points-under,29.5
1251,Payton Pritchard-fg3m-over,1.5
52,Myles Turner-points-over,15.5
1661,Al Horford-rebounds-under,7.5
50,Payton Pritchard-assists-over,2.5
1660,Jrue Holiday-points-under,12.5
1662,Payton Pritchard-fg3m-over,1.5
1306,Jayson Tatum-fgm-under,9.5
413,Payton Pritchard-assists-over,2.5
414,Jayson Tatum-rebounds-under,10.5
1305,Al Horford-rebounds-under,7.5
1304,Payton Pritchard-assists-over,2.5
415,Jayson Tatum-fgm-under,9.5
625,T.J. McConnell-fgm-over,4.5
627,Pascal Siakam-assists-over,2.5
626,Jrue Holiday-rebounds-under,5.5
1377,Payton Pritchard-fgm-over,3.5
1637,Jrue Holiday-rebounds-under,5.5
1376,T.J. McConnell-points-over,9.5
1636,Jrue Holiday-points-under,12.5
1616,Andrew Nembhard-points-over,10.5
1378,Luke Kornet-fgm-over,1.5
699,Jrue Holiday-rebounds-under,5.5
1638,Luke Kornet-fgm-over,1.5
1615,Jayson Tatum-points-under,29.5
700,Luke Kornet-fgm-over,1.5
1614,T.J. McConnell-points-over,9.5
773,T.J. McConnell-points-over,9.5
774,Payton Pritchard-fgm-over,3.5
775,Andrew Nembhard-points-over,10.5
698,Payton Pritchard-fgm-over,3.5
1468,Myles Turner-steals-under,0.5
1469,Payton Pritchard-fg3m-over,1.5
1467,Jrue Holiday-rebounds-under,5.5
249,Payton Pritchard-points-over,9.5
251,Derrick White-rebounds-over,3.5
250,Luke Kornet-assists-over,0.5
1652,Jrue Holiday-steals-under,1.5
1653,T.J. McConnell-fgm-over,4.5
1651,Jrue Holiday-points-under,12.5
578,Myles Turner-steals-under,0.5
569,Myles Turner-points-over,15.5
1431,T.J. McConnell-assists-over,4.5
406,Andrew Nembhard-points-over,10.5
405,Myles Turner-steals-under,0.5
404,Obi Toppin-points-over,7.5
623,Payton Pritchard-fg3m-over,1.5
577,T.J. McConnell-assists-over,4.5
568,T.J. McConnell-assists-over,4.5
622,Obi Toppin-points-over,7.5
579,Luke Kornet-fgm-over,1.5
570,Andrew Nembhard-points-over,10.5
1432,Myles Turner-points-over,15.5
1433,Jaylen Brown-rebounds-under,6.5
624,Jaylen Brown-rebounds-under,6.5
854,Pascal Siakam-blocks-under,0.5
855,Al Horford-assists-under,2.5
856,Jaylen Brown-rebounds-under,6.5
1184,Payton Pritchard-fgm-over,3.5
1185,Jrue Holiday-points-under,12.5
1418,Payton Pritchard-steals-under,0.5
1417,Aaron Nesmith-points-over,9.5
1416,Jayson Tatum-points-under,29.5
1186,Payton Pritchard-steals-under,0.5
1565,Derrick White-rebounds-over,3.5
1564,T.J. McConnell-assists-over,4.5
1563,T.J. McConnell-fgm-over,4.5
1525,Payton Pritchard-steals-under,0.5
1524,Jayson Tatum-fgm-under,9.5
1523,T.J. McConnell-points-over,9.5
799,Derrick White-rebounds-over,3.5
798,Al Horford-rebounds-under,7.5
800,Al Horford-assists-under,2.5
122,T.J. McConnell-assists-over,4.5
120,Payton Pritchard-points-over,9.5
121,Jayson Tatum-rebounds-under,10.5
1398,Jayson Tatum-rebounds-under,10.5
1052,Payton Pritchard-assists-over,2.5
1053,Luke Kornet-assists-over,0.5
1397,Obi Toppin-points-over,7.5
1051,Obi Toppin-points-over,7.5
1399,Luke Kornet-assists-over,0.5
1474,T.J. McConnell-points-over,9.5
1475,Luke Kornet-assists-over,0.5
1476,Jrue Holiday-rebounds-under,5.5
205,Myles Turner-fg3m-over,1.5
173,Jrue Holiday-points-under,12.5
1321,Andrew Nembhard-points-over,10.5
546,Jayson Tatum-rebounds-under,10.5
547,Jrue Holiday-points-under,12.5
548,Andrew Nembhard-points-over,10.5
1320,Jrue Holiday-points-under,12.5
1319,Payton Pritchard-assists-over,2.5
175,Jaylen Brown-rebounds-under,6.5
174,Al Horford-rebounds-under,7.5
206,Luke Kornet-fgm-over,1.5
204,Jayson Tatum-points-under,29.5
902,Luke Kornet-fgm-over,1.5
901,Jrue Holiday-points-under,12.5
900,Jayson Tatum-rebounds-under,10.5
1602,T.J. McConnell-assists-over,4.5
1867,Obi Toppin-points-over,7.5
1869,Aaron Nesmith-points-over,9.5
1603,Jrue Holiday-rebounds-under,5.5
1733,Aaron Nesmith-points-over,9.5
1347,Aaron Nesmith-points-over,9.5
1346,Jrue Holiday-rebounds-under,5.5
1731,T.J. McConnell-points-over,9.5
1732,T.J. McConnell-assists-over,4.5
1345,T.J. McConnell-assists-over,4.5
1604,Aaron Nesmith-points-over,9.5
1868,T.J. McConnell-points-over,9.5
678,Luke Kornet-points-over,3.5
679,T.J. McConnell-fgm-over,4.5
677,Obi Toppin-points-over,7.5
1093,Pascal Siakam-assists-over,2.5
1092,Payton Pritchard-fgm-over,3.5
1091,Jayson Tatum-points-under,29.5
949,Payton Pritchard-fg3m-over,1.5
948,Andrew Nembhard-points-over,10.5
947,T.J. McConnell-points-over,9.5
1522,Payton Pritchard-fg3m-over,1.5
1520,Jrue Holiday-rebounds-under,5.5
1521,Andrew Nembhard-points-over,10.5
1098,T.J. McConnell-points-over,9.5
1099,Myles Turner-points-over,15.5
1100,Andrew Nembhard-points-over,10.5
1914,Jayson Tatum-points-under,29.5
1916,Derrick White-rebounds-over,3.5
1915,Luke Kornet-assists-over,0.5
44,T.J. McConnell-points-over,9.5
45,Jayson Tatum-fgm-under,9.5
46,Pascal Siakam-assists-over,2.5
491,Obi Toppin-fgm-over,3.5
490,T.J. McConnell-fgm-over,4.5
489,Andrew Nembhard-blocks-under,0.5
1700,Payton Pritchard-fg3m-over,1.5
1698,Jayson Tatum-points-under,29.5
1699,Payton Pritchard-steals-under,0.5
1181,Jayson Tatum-points-under,29.5
1182,Myles Turner-steals-under,0.5
1183,Payton Pritchard-steals-under,0.5
933,Payton Pritchard-points-over,9.5
932,Payton Pritchard-assists-over,2.5
934,Jrue Holiday-rebounds-under,5.5
1141,Payton Pritchard-points-over,9.5
1142,T.J. McConnell-points-over,9.5
1143,Myles Turner-fg3m-over,1.5
1463,Al Horford-assists-under,2.5
1462,T.J. McConnell-assists-over,4.5
1461,Jrue Holiday-steals-under,1.5
1239,T.J. McConnell-assists-over,4.5
1862,T.J. McConnell-assists-over,4.5
1541,Aaron Nesmith-points-over,9.5
1540,Myles Turner-fg3m-over,1.5
1539,Obi Toppin-points-over,7.5
1861,Al Horford-rebounds-under,7.5
1863,Aaron Nesmith-points-over,9.5
1237,Jayson Tatum-rebounds-under,10.5
1238,Payton Pritchard-fgm-over,3.5
784,Luke Kornet-fgm-over,1.5
783,Myles Turner-points-over,15.5
782,Payton Pritchard-assists-over,2.5
1012,Myles Turner-steals-under,0.5
1013,Jaylen Brown-rebounds-under,6.5
1808,Jaylen Brown-rebounds-under,6.5
1807,Myles Turner-steals-under,0.5
1011,Payton Pritchard-assists-over,2.5
1270,Andrew Nembhard-points-over,10.5
1269,Myles Turner-points-over,15.5
1268,Al Horford-rebounds-under,7.5
1806,Payton Pritchard-assists-over,2.5
1022,Myles Turner-points-over,15.5
1020,Obi Toppin-points-over,7.5
1021,T.J. McConnell-points-over,9.5
1832,Payton Pritchard-fg3m-over,1.5
1831,T.J. McConnell-points-over,9.5
1830,Obi Toppin-points-over,7.5
735,Payton Pritchard-fg3m-over,1.5
734,Jrue Holiday-rebounds-under,5.5
733,Obi Toppin-points-over,7.5
1791,Payton Pritchard-fgm-over,3.5
1846,Myles Turner-points-over,15.5
1793,Pascal Siakam-assists-over,2.5
826,Pascal Siakam-assists-over,2.5
825,Myles Turner-points-over,15.5
1845,Payton Pritchard-fgm-over,3.5
1792,Myles Turner-points-over,15.5
1847,Pascal Siakam-assists-over,2.5
824,Jrue Holiday-points-under,12.5
1258,Payton Pritchard-points-over,9.5
16,Derrick White-rebounds-over,3.5
1259,Derrick White-rebounds-over,3.5
17,Myles Turner-steals-under,0.5
1260,Myles Turner-points-over,15.5
15,Payton Pritchard-points-over,9.5
1819,Luke Kornet-points-over,3.5
1820,Jayson Tatum-fgm-under,9.5
1818,Obi Toppin-points-over,7.5
919,Luke Kornet-assists-over,0.5
921,Myles Turner-fg3m-over,1.5
920,Al Horford-rebounds-under,7.5
895,Andrew Nembhard-points-over,10.5
1859,Payton Pritchard-steals-under,0.5
894,Aaron Nesmith-points-over,9.5
1858,Jrue Holiday-points-under,12.5
1365,Payton Pritchard-steals-under,0.5
1363,Jrue Holiday-points-under,12.5
896,Payton Pritchard-steals-under,0.5
1364,Andrew Nembhard-points-over,10.5
1860,Jaylen Brown-rebounds-under,6.5
1356,Jayson Tatum-fgm-under,9.5
1355,Jrue Holiday-rebounds-under,5.5
1354,Derrick White-rebounds-over,3.5
93,Payton Pritchard-assists-over,2.5
922,T.J. McConnell-points-over,9.5
923,Jrue Holiday-points-under,12.5
924,Myles Turner-fg3m-over,1.5
1394,Luke Kornet-points-over,3.5
1396,Myles Turner-fg3m-over,1.5
95,Jrue Holiday-rebounds-under,5.5
1395,T.J. McConnell-fgm-over,4.5
94,Jrue Holiday-points-under,12.5
1177,Payton Pritchard-steals-under,0.5
1176,Al Horford-assists-under,2.5
1175,Luke Kornet-points-over,3.5
1841,Luke Kornet-fgm-over,1.5
1839,Myles Turner-fg3m-over,1.5
1840,Andrew Nembhard-points-over,10.5
1630,Luke Kornet-assists-over,0.5
1631,T.J. McConnell-assists-over,4.5
1632,Pascal Siakam-assists-over,2.5
602,Payton Pritchard-points-over,9.5
603,T.J. McConnell-points-over,9.5
604,Payton Pritchard-steals-under,0.5
815,Jrue Holiday-points-under,12.5
817,Pascal Siakam-assists-over,2.5
816,Andrew Nembhard-points-over,10.5
796,T.J. McConnell-assists-over,4.5
79,Payton Pritchard-steals-under,0.5
304,Payton Pritchard-steals-under,0.5
303,Jayson Tatum-points-under,29.5
797,Payton Pritchard-steals-under,0.5
795,Jrue Holiday-points-under,12.5
77,Obi Toppin-points-over,7.5
302,Obi Toppin-points-over,7.5
78,Aaron Nesmith-points-over,9.5
287,Payton Pritchard-points-over,9.5
288,Jayson Tatum-steals-under,1.5
289,T.J. McConnell-fgm-over,4.5
1464,Jayson Tatum-rebounds-under,10.5
1002,Jrue Holiday-points-under,12.5
890,Myles Turner-fg3m-over,1.5
1001,Payton Pritchard-assists-over,2.5
1465,Jrue Holiday-points-under,12.5
889,Jayson Tatum-points-under,29.5
888,Payton Pritchard-assists-over,2.5
1003,Myles Turner-fg3m-over,1.5
1466,Myles Turner-fg3m-over,1.5
222,Payton Pritchard-points-over,9.5
223,Jrue Holiday-points-under,12.5
224,Pascal Siakam-blocks-under,0.5
686,T.J. McConnell-fgm-over,4.5
687,Derrick White-rebounds-over,3.5
688,Payton Pritchard-steals-under,0.5
708,Jayson Tatum-fgm-under,9.5
707,Jrue Holiday-steals-under,1.5
709,Luke Kornet-fgm-over,1.5
241,T.J. McConnell-points-over,9.5
242,Myles Turner-points-over,15.5
240,Payton Pritchard-assists-over,2.5
1178,Obi Toppin-points-over,7.5
1179,Jayson Tatum-rebounds-under,10.5
1180,Andrew Nembhard-points-over,10.5
350,Payton Pritchard-points-over,9.5
237,Payton Pritchard-points-over,9.5
351,Al Horford-rebounds-under,7.5
238,Jayson Tatum-rebounds-under,10.5
352,Payton Pritchard-steals-under,0.5
239,Payton Pritchard-steals-under,0.5
1558,Pascal Siakam-blocks-under,0.5
1557,T.J. McConnell-assists-over,4.5
1559,Jayson Tatum-fgm-under,9.5
1112,T.J. McConnell-assists-over,4.5
1111,Jayson Tatum-points-under,29.5
1694,Pascal Siakam-assists-over,2.5
1113,Pascal Siakam-assists-over,2.5
91,Payton Pritchard-fgm-over,3.5
92,Pascal Siakam-assists-over,2.5
1692,Jrue Holiday-points-under,12.5
1693,T.J. McConnell-assists-over,4.5
90,Obi Toppin-points-over,7.5
1883,Aaron Nesmith-points-over,9.5
1882,Jrue Holiday-steals-under,1.5
1881,Payton Pritchard-points-over,9.5
631,Luke Kornet-points-over,3.5
633,Jayson Tatum-fgm-under,9.5
632,Myles Turner-fg3m-over,1.5
106,Andrew Nembhard-blocks-under,0.5
108,Andrew Nembhard-points-over,10.5
107,Jayson Tatum-steals-under,1.5
109,Jaylen Brown-rebounds-under,6.5
717,T.J. McConnell-points-over,9.5
719,Pascal Siakam-assists-over,2.5
716,Andrew Nembhard-blocks-under,0.5
718,Luke Kornet-points-over,3.5
1273,Pascal Siakam-assists-over,2.5
1272,Derrick White-rebounds-over,3.5
1271,T.J. McConnell-fgm-over,4.5
1800,Al Horford-rebounds-under,7.5
1801,T.J. McConnell-fgm-over,4.5
1802,Pascal Siakam-blocks-under,0.5
1255,Jrue Holiday-steals-under,1.5
1256,T.J. McConnell-assists-over,4.5
1257,Jayson Tatum-fgm-under,9.5
1799,Myles Turner-points-over,15.5
1757,Payton Pritchard-assists-over,2.5
1798,Al Horford-rebounds-under,7.5
1758,Jayson Tatum-rebounds-under,10.5
1759,Payton Pritchard-fg3m-over,1.5
1797,Payton Pritchard-assists-over,2.5
1357,Jayson Tatum-rebounds-under,10.5
1359,Myles Turner-fg3m-over,1.5
1358,Myles Turner-steals-under,0.5
676,Payton Pritchard-fg3m-over,1.5
675,Pascal Siakam-blocks-under,0.5
674,Payton Pritchard-points-over,9.5
914,Aaron Nesmith-points-over,9.5
1513,Jayson Tatum-points-under,29.5
1514,Jrue Holiday-points-under,12.5
913,Pascal Siakam-blocks-under,0.5
1515,Pascal Siakam-blocks-under,0.5
912,Jayson Tatum-points-under,29.5
349,Luke Kornet-fgm-over,1.5
348,Al Horford-rebounds-under,7.5
347,T.J. McConnell-points-over,9.5
428,Obi Toppin-fgm-over,3.5
427,Derrick White-rebounds-over,3.5
426,Jayson Tatum-steals-under,1.5
1403,Jayson Tatum-steals-under,1.5
1404,Derrick White-rebounds-over,3.5
1405,Obi Toppin-fgm-over,3.5
1439,Jrue Holiday-steals-under,1.5
1140,T.J. McConnell-fgm-over,4.5
1438,Jayson Tatum-rebounds-under,10.5
1440,T.J. McConnell-fgm-over,4.5
1139,Jrue Holiday-steals-under,1.5
1138,Payton Pritchard-assists-over,2.5
167,Jrue Holiday-rebounds-under,5.5
168,Pascal Siakam-blocks-under,0.5
243,T.J. McConnell-points-over,9.5
245,Jayson Tatum-fgm-under,9.5
169,Jayson Tatum-fgm-under,9.5
244,Pascal Siakam-blocks-under,0.5
1275,Payton Pritchard-fgm-over,3.5
1274,Luke Kornet-points-over,3.5
21,Luke Kornet-points-over,3.5
1276,Andrew Nembhard-points-over,10.5
22,Jayson Tatum-points-under,29.5
23,Andrew Nembhard-points-over,10.5
390,Al Horford-rebounds-under,7.5
389,Jrue Holiday-points-under,12.5
391,Payton Pritchard-steals-under,0.5
1373,Obi Toppin-points-over,7.5
1375,Pascal Siakam-assists-over,2.5
1728,T.J. McConnell-assists-over,4.5
1729,Pascal Siakam-assists-over,2.5
1374,Myles Turner-steals-under,0.5
1730,Payton Pritchard-fg3m-over,1.5
1626,Myles Turner-steals-under,0.5
1625,Jrue Holiday-steals-under,1.5
1624,Luke Kornet-assists-over,0.5
1131,Andrew Nembhard-blocks-under,0.5
1132,Derrick White-rebounds-over,3.5
1133,Pascal Siakam-blocks-under,0.5
1134,Andrew Nembhard-points-over,10.5
691,Aaron Nesmith-points-over,9.5
690,Derrick White-rebounds-over,3.5
689,T.J. McConnell-assists-over,4.5
225,T.J. McConnell-assists-over,4.5
227,Payton Pritchard-steals-under,0.5
226,Luke Kornet-fgm-over,1.5
127,Payton Pritchard-assists-over,2.5
128,Myles Turner-fg3m-over,1.5
1162,Jaylen Brown-rebounds-under,6.5
129,Andrew Nembhard-points-over,10.5
1161,Myles Turner-fg3m-over,1.5
1160,Jayson Tatum-rebounds-under,10.5
1535,Luke Kornet-points-over,3.5
1533,Payton Pritchard-points-over,9.5
1534,T.J. McConnell-points-over,9.5
1664,Jayson Tatum-points-under,29.5
1663,Jayson Tatum-rebounds-under,10.5
1599,Payton Pritchard-assists-over,2.5
1601,Pascal Siakam-assists-over,2.5
1600,Payton Pritchard-fgm-over,3.5
1665,Pascal Siakam-assists-over,2.5
917,Jayson Tatum-steals-under,1.5
916,Payton Pritchard-assists-over,2.5
918,Myles Turner-steals-under,0.5
915,Andrew Nembhard-blocks-under,0.5
940,Payton Pritchard-fgm-over,3.5
939,Luke Kornet-points-over,3.5
938,Obi Toppin-points-over,7.5
201,Jrue Holiday-rebounds-under,5.5
203,Pascal Siakam-assists-over,2.5
202,Myles Turner-points-over,15.5
1548,Jayson Tatum-points-under,29.5
1549,Jayson Tatum-steals-under,1.5
1550,Jayson Tatum-fgm-under,9.5
1886,Jaylen Brown-rebounds-under,6.5
873,Luke Kornet-points-over,3.5
874,Payton Pritchard-fg3m-over,1.5
1884,Luke Kornet-points-over,3.5
1885,Myles Turner-points-over,15.5
875,Jaylen Brown-rebounds-under,6.5
100,Luke Kornet-assists-over,0.5
101,Jrue Holiday-steals-under,1.5
102,Andrew Nembhard-points-over,10.5
872,Payton Pritchard-fg3m-over,1.5
871,Payton Pritchard-steals-under,0.5
870,Myles Turner-fg3m-over,1.5
950,Payton Pritchard-assists-over,2.5
951,Myles Turner-points-over,15.5
952,Payton Pritchard-steals-under,0.5
936,Myles Turner-fg3m-over,1.5
935,Jrue Holiday-steals-under,1.5
937,Jayson Tatum-fgm-under,9.5
1710,Luke Kornet-points-over,3.5
1711,Jayson Tatum-fgm-under,9.5
1712,Pascal Siakam-assists-over,2.5
165,Payton Pritchard-fgm-over,3.5
164,Andrew Nembhard-blocks-under,0.5
166,Obi Toppin-fgm-over,3.5
1082,Al Horford-rebounds-under,7.5
1081,Obi Toppin-points-over,7.5
1083,Myles Turner-fg3m-over,1.5
1207,Myles Turner-fg3m-over,1.5
1205,Obi Toppin-points-over,7.5
1206,Payton Pritchard-assists-over,2.5
620,Jayson Tatum-rebounds-under,10.5
621,Jrue Holiday-rebounds-under,5.5
619,T.J. McConnell-points-over,9.5
574,Payton Pritchard-points-over,9.5
575,Luke Kornet-points-over,3.5
576,Al Horford-rebounds-under,7.5
970,Al Horford-rebounds-under,7.5
969,Luke Kornet-assists-over,0.5
968,Luke Kornet-points-over,3.5
230,Jaylen Brown-rebounds-under,6.5
228,Jayson Tatum-points-under,29.5
229,Pascal Siakam-blocks-under,0.5
906,Jayson Tatum-rebounds-under,10.5
908,Payton Pritchard-fg3m-over,1.5
907,Pascal Siakam-assists-over,2.5
411,Luke Kornet-points-over,3.5
412,Jayson Tatum-points-under,29.5
410,T.J. McConnell-points-over,9.5
909,Payton Pritchard-assists-over,2.5
910,Jayson Tatum-points-under,29.5
911,Derrick White-rebounds-over,3.5
1506,Al Horford-rebounds-under,7.5
1508,Payton Pritchard-steals-under,0.5
1507,Luke Kornet-fgm-over,1.5
550,T.J. McConnell-assists-over,4.5
549,T.J. McConnell-points-over,9.5
551,Payton Pritchard-steals-under,0.5
1130,Jaylen Brown-rebounds-under,6.5
1318,Jaylen Brown-rebounds-under,6.5
1129,Jrue Holiday-steals-under,1.5
1128,Jrue Holiday-points-under,12.5
1316,Jrue Holiday-steals-under,1.5
493,Jrue Holiday-steals-under,1.5
492,Jayson Tatum-points-under,29.5
761,Payton Pritchard-fgm-over,3.5
762,Jrue Holiday-steals-under,1.5
763,Andrew Nembhard-points-over,10.5
494,Jaylen Brown-rebounds-under,6.5
1317,Aaron Nesmith-points-over,9.5
535,Jayson Tatum-rebounds-under,10.5
65,Jayson Tatum-rebounds-under,10.5
66,Myles Turner-fg3m-over,1.5
1078,Payton Pritchard-assists-over,2.5
1080,Myles Turner-fg3m-over,1.5
314,Payton Pritchard-assists-over,2.5
315,T.J. McConnell-points-over,9.5
1079,T.J. McConnell-points-over,9.5
533,Payton Pritchard-assists-over,2.5
64,T.J. McConnell-points-over,9.5
534,T.J. McConnell-points-over,9.5
316,Al Horford-rebounds-under,7.5
367,Jayson Tatum-steals-under,1.5
366,Obi Toppin-points-over,7.5
368,T.J. McConnell-fgm-over,4.5
140,Obi Toppin-fgm-over,3.5
139,Jrue Holiday-steals-under,1.5
138,Jayson Tatum-steals-under,1.5
1441,Jrue Holiday-points-under,12.5
1442,T.J. McConnell-assists-over,4.5
1443,Pascal Siakam-blocks-under,0.5
982,Payton Pritchard-fgm-over,3.5
983,Myles Turner-fg3m-over,1.5
981,Luke Kornet-points-over,3.5
1689,Pascal Siakam-blocks-under,0.5
1690,Myles Turner-points-over,15.5
1691,Jaylen Brown-rebounds-under,6.5
1552,Andrew Nembhard-points-over,10.5
1850,Pascal Siakam-assists-over,2.5
1551,Jayson Tatum-rebounds-under,10.5
1553,Pascal Siakam-assists-over,2.5
1849,Luke Kornet-fgm-over,1.5
1848,Myles Turner-fg3m-over,1.5
583,Jayson Tatum-steals-under,1.5
1774,Al Horford-rebounds-under,7.5
1657,Jayson Tatum-steals-under,1.5
1775,Al Horford-assists-under,2.5
1659,Al Horford-assists-under,2.5
1658,Myles Turner-fg3m-over,1.5
584,Myles Turner-fg3m-over,1.5
585,Al Horford-assists-under,2.5
1773,Jayson Tatum-steals-under,1.5
729,Myles Turner-steals-under,0.5
599,Luke Kornet-points-over,3.5
600,Jrue Holiday-rebounds-under,5.5
601,Myles Turner-points-over,15.5
727,T.J. McConnell-points-over,9.5
728,Luke Kornet-points-over,3.5
308,T.J. McConnell-fgm-over,4.5
310,Pascal Siakam-blocks-under,0.5
309,Derrick White-rebounds-over,3.5
1197,T.J. McConnell-assists-over,4.5
1196,Luke Kornet-points-over,3.5
1198,Jaylen Brown-rebounds-under,6.5
1171,Luke Kornet-fgm-over,1.5
1169,Jayson Tatum-steals-under,1.5
1170,Jayson Tatum-fgm-under,9.5
1844,T.J. McConnell-assists-over,4.5
272,Jrue Holiday-steals-under,1.5
274,Aaron Nesmith-points-over,9.5
278,Jrue Holiday-steals-under,1.5
279,T.J. McConnell-assists-over,4.5
280,Aaron Nesmith-points-over,9.5
1843,Jrue Holiday-steals-under,1.5
1842,Jrue Holiday-points-under,12.5
273,T.J. McConnell-assists-over,4.5
1738,Al Horford-rebounds-under,7.5
1737,Jayson Tatum-rebounds-under,10.5
1739,Myles Turner-fg3m-over,1.5
459,Myles Turner-fg3m-over,1.5
457,Jayson Tatum-rebounds-under,10.5
458,Al Horford-rebounds-under,7.5
885,Payton Pritchard-points-over,9.5
886,Jayson Tatum-rebounds-under,10.5
887,Pascal Siakam-blocks-under,0.5
1596,T.J. McConnell-points-over,9.5
1598,Pascal Siakam-blocks-under,0.5
1597,Jayson Tatum-points-under,29.5
1760,Jayson Tatum-points-under,29.5
1761,Derrick White-rebounds-over,3.5
1762,Payton Pritchard-steals-under,0.5
208,Pascal Siakam-blocks-under,0.5
207,T.J. McConnell-assists-over,4.5
209,Myles Turner-points-over,15.5
1610,Pascal Siakam-assists-over,2.5
1608,Obi Toppin-points-over,7.5
1609,Jayson Tatum-rebounds-under,10.5
393,Al Horford-rebounds-under,7.5
394,Myles Turner-points-over,15.5
1649,Al Horford-rebounds-under,7.5
392,Luke Kornet-points-over,3.5
1202,Jayson Tatum-rebounds-under,10.5
1648,Luke Kornet-points-over,3.5
1203,Luke Kornet-points-over,3.5
1650,Payton Pritchard-fg3m-over,1.5
1204,Myles Turner-steals-under,0.5
1382,Payton Pritchard-assists-over,2.5
1383,Payton Pritchard-points-over,9.5
1384,Jrue Holiday-steals-under,1.5
1221,Al Horford-rebounds-under,7.5
1220,Jrue Holiday-steals-under,1.5
1219,Luke Kornet-assists-over,0.5
83,Obi Toppin-points-over,7.5
85,T.J. McConnell-assists-over,4.5
84,Luke Kornet-points-over,3.5
295,Jrue Holiday-steals-under,1.5
294,Payton Pritchard-fgm-over,3.5
1444,T.J. McConnell-points-over,9.5
293,T.J. McConnell-points-over,9.5
1446,Jrue Holiday-steals-under,1.5
1445,Jayson Tatum-points-under,29.5
1291,Payton Pritchard-assists-over,2.5
1892,Luke Kornet-fgm-over,1.5
1891,Derrick White-rebounds-over,3.5
1890,Al Horford-rebounds-under,7.5
1292,Derrick White-rebounds-over,3.5
1293,Jaylen Brown-rebounds-under,6.5
1068,Myles Turner-points-over,15.5
1067,T.J. McConnell-assists-over,4.5
1066,Jrue Holiday-steals-under,1.5
597,Jrue Holiday-points-under,12.5
596,Payton Pritchard-assists-over,2.5
598,Pascal Siakam-blocks-under,0.5
69,Payton Pritchard-fg3m-over,1.5
68,Pascal Siakam-blocks-under,0.5
67,Jrue Holiday-rebounds-under,5.5
845,Aaron Nesmith-points-over,9.5
844,Jayson Tatum-steals-under,1.5
843,Jayson Tatum-points-under,29.5
1503,Derrick White-rebounds-over,3.5
1504,Myles Turner-points-over,15.5
1505,Payton Pritchard-steals-under,0.5
1605,Jrue Holiday-steals-under,1.5
1606,Derrick White-rebounds-over,3.5
1607,Jayson Tatum-fgm-under,9.5
372,Luke Kornet-points-over,3.5
373,T.J. McConnell-assists-over,4.5
374,Jrue Holiday-rebounds-under,5.5
1391,Payton Pritchard-fgm-over,3.5
1393,Al Horford-rebounds-under,7.5
1392,Jrue Holiday-steals-under,1.5
1895,Jayson Tatum-fgm-under,9.5
1894,Pascal Siakam-blocks-under,0.5
1893,Luke Kornet-points-over,3.5
1290,Jaylen Brown-rebounds-under,6.5
1289,Jrue Holiday-steals-under,1.5
1288,Obi Toppin-points-over,7.5
141,Derrick White-rebounds-over,3.5
142,Pascal Siakam-assists-over,2.5
143,Payton Pritchard-fg3m-over,1.5
1054,Jrue Holiday-rebounds-under,5.5
1055,Pascal Siakam-blocks-under,0.5
613,T.J. McConnell-points-over,9.5
615,Andrew Nembhard-points-over,10.5
1056,Andrew Nembhard-points-over,10.5
614,Pascal Siakam-blocks-under,0.5
1685,Payton Pritchard-steals-under,0.5
1684,Andrew Nembhard-points-over,10.5
1683,Derrick White-rebounds-over,3.5
813,Luke Kornet-points-over,3.5
1705,Luke Kornet-points-over,3.5
1704,Obi Toppin-points-over,7.5
285,Luke Kornet-points-over,3.5
814,T.J. McConnell-assists-over,4.5
286,T.J. McConnell-assists-over,4.5
284,Payton Pritchard-assists-over,2.5
812,Payton Pritchard-assists-over,2.5
1706,Myles Turner-fg3m-over,1.5
653,Jayson Tatum-points-under,29.5
654,Jayson Tatum-steals-under,1.5
655,Myles Turner-steals-under,0.5
505,Jayson Tatum-points-under,29.5
506,Pascal Siakam-blocks-under,0.5
507,Payton Pritchard-steals-under,0.5
1655,Jrue Holiday-steals-under,1.5
1654,T.J. McConnell-points-over,9.5
1656,Luke Kornet-fgm-over,1.5
809,Jayson Tatum-steals-under,1.5
810,Derrick White-rebounds-over,3.5
811,Al Horford-assists-under,2.5
1285,Jayson Tatum-rebounds-under,10.5
1287,Jrue Holiday-rebounds-under,5.5
1286,Luke Kornet-points-over,3.5
1569,T.J. McConnell-assists-over,4.5
1570,Derrick White-rebounds-over,3.5
1571,Payton Pritchard-steals-under,0.5
573,Pascal Siakam-assists-over,2.5
571,Jayson Tatum-points-under,29.5
572,Pascal Siakam-blocks-under,0.5
759,Jayson Tatum-steals-under,1.5
758,Jrue Holiday-points-under,12.5
760,Luke Kornet-fgm-over,1.5
1562,Derrick White-rebounds-over,3.5
1561,Jayson Tatum-rebounds-under,10.5
1560,Payton Pritchard-assists-over,2.5
1879,Jrue Holiday-steals-under,1.5
221,Jaylen Brown-rebounds-under,6.5
1878,Jayson Tatum-rebounds-under,10.5
219,Payton Pritchard-assists-over,2.5
220,Jrue Holiday-steals-under,1.5
1880,Jaylen Brown-rebounds-under,6.5
1903,Luke Kornet-points-over,3.5
1902,Obi Toppin-points-over,7.5
1904,Payton Pritchard-steals-under,0.5
4,Derrick White-rebounds-over,3.5
5,Myles Turner-steals-under,0.5
3,Luke Kornet-points-over,3.5
1804,Jrue Holiday-steals-under,1.5
1803,Payton Pritchard-points-over,9.5
1805,Derrick White-rebounds-over,3.5
650,Payton Pritchard-assists-over,2.5
651,Luke Kornet-points-over,3.5
652,Al Horford-rebounds-under,7.5
1223,Payton Pritchard-steals-under,0.5
1222,Jrue Holiday-steals-under,1.5
1224,Payton Pritchard-fg3m-over,1.5
710,Obi Toppin-points-over,7.5
711,Jrue Holiday-points-under,12.5
712,Jayson Tatum-steals-under,1.5
520,Jrue Holiday-steals-under,1.5
521,Myles Turner-fg3m-over,1.5
519,Obi Toppin-points-over,7.5
1058,Luke Kornet-points-over,3.5
1057,Obi Toppin-points-over,7.5
1059,Pascal Siakam-assists-over,2.5
1498,Myles Turner-steals-under,0.5
1497,Jrue Holiday-steals-under,1.5
1499,Pascal Siakam-assists-over,2.5
884,Myles Turner-fg3m-over,1.5
1815,Payton Pritchard-assists-over,2.5
1816,Jayson Tatum-steals-under,1.5
883,Jayson Tatum-steals-under,1.5
882,Payton Pritchard-points-over,9.5
1817,Luke Kornet-assists-over,0.5
336,Andrew Nembhard-blocks-under,0.5
337,Payton Pritchard-points-over,9.5
338,T.J. McConnell-fgm-over,4.5
439,Payton Pritchard-steals-under,0.5
438,Derrick White-rebounds-over,3.5
437,Payton Pritchard-assists-over,2.5
692,Luke Kornet-points-over,3.5
43,Pascal Siakam-blocks-under,0.5
41,Luke Kornet-points-over,3.5
694,Pascal Siakam-blocks-under,0.5
42,Jrue Holiday-points-under,12.5
693,Jayson Tatum-points-under,29.5
695,Obi Toppin-points-over,7.5
696,Jayson Tatum-steals-under,1.5
697,Payton Pritchard-fg3m-over,1.5
720,Jayson Tatum-steals-under,1.5
721,Andrew Nembhard-points-over,10.5
722,Luke Kornet-fgm-over,1.5
1282,T.J. McConnell-points-over,9.5
1283,Luke Kornet-points-over,3.5
1284,Pascal Siakam-assists-over,2.5
460,Payton Pritchard-assists-over,2.5
462,Payton Pritchard-steals-under,0.5
461,Luke Kornet-points-over,3.5
1390,Pascal Siakam-assists-over,2.5
1389,Derrick White-rebounds-over,3.5
683,Al Horford-rebounds-under,7.5
684,Derrick White-rebounds-over,3.5
1388,Payton Pritchard-assists-over,2.5
685,Pascal Siakam-assists-over,2.5
256,Payton Pritchard-assists-over,2.5
257,Al Horford-rebounds-under,7.5
258,Pascal Siakam-blocks-under,0.5
500,Jayson Tatum-steals-under,1.5
499,Jayson Tatum-points-under,29.5
501,Al Horford-rebounds-under,7.5
957,Payton Pritchard-assists-over,2.5
958,Jayson Tatum-steals-under,1.5
959,Aaron Nesmith-points-over,9.5
1408,T.J. McConnell-fgm-over,4.5
1406,Andrew Nembhard-blocks-under,0.5
1407,Payton Pritchard-fgm-over,3.5
246,T.J. McConnell-points-over,9.5
247,Jayson Tatum-steals-under,1.5
248,Myles Turner-steals-under,0.5
112,Pascal Siakam-assists-over,2.5
111,Luke Kornet-points-over,3.5
110,Payton Pritchard-assists-over,2.5
299,Derrick White-rebounds-over,3.5
300,Pascal Siakam-blocks-under,0.5
301,Luke Kornet-fgm-over,1.5
1409,T.J. McConnell-points-over,9.5
1410,Luke Kornet-points-over,3.5
1411,Derrick White-rebounds-over,3.5
157,Jrue Holiday-steals-under,1.5
158,Derrick White-rebounds-over,3.5
159,Jaylen Brown-rebounds-under,6.5
1312,Luke Kornet-fgm-over,1.5
386,T.J. McConnell-points-over,9.5
387,Jayson Tatum-steals-under,1.5
388,Luke Kornet-fgm-over,1.5
1310,T.J. McConnell-points-over,9.5
1311,Jayson Tatum-steals-under,1.5
1064,Pascal Siakam-assists-over,2.5
1065,Payton Pritchard-steals-under,0.5
1063,Derrick White-rebounds-over,3.5
667,Jayson Tatum-rebounds-under,10.5
668,Pascal Siakam-blocks-under,0.5
669,Payton Pritchard-steals-under,0.5
967,T.J. McConnell-fgm-over,4.5
966,Jrue Holiday-steals-under,1.5
965,Jayson Tatum-steals-under,1.5
1668,Pascal Siakam-blocks-under,0.5
1667,Jrue Holiday-steals-under,1.5
1666,Payton Pritchard-fgm-over,3.5
643,Andrew Nembhard-blocks-under,0.5
645,Jayson Tatum-fgm-under,9.5
644,Payton Pritchard-fgm-over,3.5
261,Pascal Siakam-blocks-under,0.5
259,T.J. McConnell-assists-over,4.5
260,Derrick White-rebounds-over,3.5
1590,Jayson Tatum-steals-under,1.5
1589,Payton Pritchard-assists-over,2.5
1526,Jayson Tatum-rebounds-under,10.5
1527,Jayson Tatum-steals-under,1.5
1528,Luke Kornet-fgm-over,1.5
1591,Luke Kornet-fgm-over,1.5
1048,Jrue Holiday-steals-under,1.5
1049,T.J. McConnell-assists-over,4.5
1050,Derrick White-rebounds-over,3.5
1324,Pascal Siakam-assists-over,2.5
320,Payton Pritchard-assists-over,2.5
321,Jrue Holiday-steals-under,1.5
322,Pascal Siakam-assists-over,2.5
1322,Jayson Tatum-rebounds-under,10.5
1323,Jrue Holiday-steals-under,1.5
29,Al Horford-assists-under,2.5
27,Andrew Nembhard-blocks-under,0.5
28,T.J. McConnell-points-over,9.5
194,Al Horford-assists-under,2.5
192,Andrew Nembhard-blocks-under,0.5
193,T.J. McConnell-points-over,9.5
593,Obi Toppin-points-over,7.5
595,Jrue Holiday-steals-under,1.5
594,Luke Kornet-points-over,3.5
1809,Obi Toppin-points-over,7.5
1811,Al Horford-rebounds-under,7.5
1810,Jayson Tatum-steals-under,1.5
1546,Jayson Tatum-steals-under,1.5
1547,Luke Kornet-assists-over,0.5
1545,Luke Kornet-points-over,3.5
1421,Jaylen Brown-rebounds-under,6.5
1419,Andrew Nembhard-blocks-under,0.5
1420,Jayson Tatum-fgm-under,9.5
1230,Jrue Holiday-rebounds-under,5.5
1229,Jayson Tatum-steals-under,1.5
1228,Payton Pritchard-assists-over,2.5
742,Payton Pritchard-assists-over,2.5
743,Jayson Tatum-steals-under,1.5
1344,Jayson Tatum-steals-under,1.5
744,Jrue Holiday-rebounds-under,5.5
1342,T.J. McConnell-points-over,9.5
1343,Jayson Tatum-rebounds-under,10.5
978,Luke Kornet-points-over,3.5
980,Jayson Tatum-steals-under,1.5
979,Payton Pritchard-fgm-over,3.5
1024,Luke Kornet-points-over,3.5
1025,Jrue Holiday-steals-under,1.5
1023,Payton Pritchard-assists-over,2.5
1315,Jayson Tatum-steals-under,1.5
1313,Payton Pritchard-assists-over,2.5
1314,Jayson Tatum-rebounds-under,10.5
1153,Payton Pritchard-points-over,9.5
1154,Jayson Tatum-steals-under,1.5
1155,Pascal Siakam-blocks-under,0.5
639,Aaron Nesmith-points-over,9.5
637,Andrew Nembhard-blocks-under,0.5
638,Payton Pritchard-fgm-over,3.5
1225,Andrew Nembhard-blocks-under,0.5
1226,Jayson Tatum-points-under,29.5
1227,Aaron Nesmith-points-over,9.5
114,Jayson Tatum-steals-under,1.5
1913,Pascal Siakam-assists-over,2.5
115,Pascal Siakam-assists-over,2.5
113,Obi Toppin-points-over,7.5
1912,Jayson Tatum-steals-under,1.5
1911,Obi Toppin-points-over,7.5
1836,Payton Pritchard-points-over,9.5
1837,Jayson Tatum-steals-under,1.5
1838,Jrue Holiday-steals-under,1.5
341,Payton Pritchard-steals-under,0.5
340,Derrick White-rebounds-over,3.5
339,Jrue Holiday-steals-under,1.5
328,Payton Pritchard-steals-under,0.5
327,Pascal Siakam-blocks-under,0.5
326,Luke Kornet-points-over,3.5
1576,Andrew Nembhard-blocks-under,0.5
1577,Luke Kornet-assists-over,0.5
1578,Luke Kornet-fgm-over,1.5
863,Luke Kornet-points-over,3.5
864,Jayson Tatum-steals-under,1.5
865,Jaylen Brown-rebounds-under,6.5
81,Jayson Tatum-points-under,29.5
407,Andrew Nembhard-blocks-under,0.5
408,Jayson Tatum-points-under,29.5
80,Andrew Nembhard-blocks-under,0.5
82,Jaylen Brown-rebounds-under,6.5
409,Jaylen Brown-rebounds-under,6.5
385,Payton Pritchard-fg3m-over,1.5
384,Myles Turner-steals-under,0.5
383,Andrew Nembhard-blocks-under,0.5
1188,Jrue Holiday-steals-under,1.5
1189,Payton Pritchard-fg3m-over,1.5
1187,Jayson Tatum-steals-under,1.5
778,Derrick White-rebounds-over,3.5
776,Jayson Tatum-steals-under,1.5
777,Al Horford-rebounds-under,7.5
1770,Andrew Nembhard-blocks-under,0.5
1771,Payton Pritchard-points-over,9.5
1772,Jayson Tatum-rebounds-under,10.5
49,Jayson Tatum-steals-under,1.5
48,Luke Kornet-points-over,3.5
47,Jayson Tatum-rebounds-under,10.5
1933,Jayson Tatum-points-under,29.5
1931,Andrew Nembhard-blocks-under,0.5
1932,T.J. McConnell-points-over,9.5
1031,Payton Pritchard-fg3m-over,1.5
1030,T.J. McConnell-assists-over,4.5
1029,Andrew Nembhard-blocks-under,0.5
1261,Andrew Nembhard-blocks-under,0.5
768,Payton Pritchard-assists-over,2.5
1633,Andrew Nembhard-blocks-under,0.5
1263,Al Horford-rebounds-under,7.5
1262,Jayson Tatum-points-under,29.5
1635,Payton Pritchard-fgm-over,3.5
1149,Myles Turner-fg3m-over,1.5
1148,Payton Pritchard-fgm-over,3.5
1147,Andrew Nembhard-blocks-under,0.5
767,Andrew Nembhard-blocks-under,0.5
1634,Jayson Tatum-rebounds-under,10.5
769,Jrue Holiday-points-under,12.5
1796,Myles Turner-fg3m-over,1.5
1795,Payton Pritchard-fgm-over,3.5
1794,Andrew Nembhard-blocks-under,0.5
1163,Jayson Tatum-steals-under,1.5
1165,Pascal Siakam-blocks-under,0.5
1164,Al Horford-rebounds-under,7.5
1367,Pascal Siakam-blocks-under,0.5
1366,Jayson Tatum-steals-under,1.5
1368,Myles Turner-fg3m-over,1.5
941,Andrew Nembhard-blocks-under,0.5
942,Jayson Tatum-rebounds-under,10.5
943,Payton Pritchard-fg3m-over,1.5
1088,Andrew Nembhard-blocks-under,0.5
1090,Andrew Nembhard-points-over,10.5
1089,T.J. McConnell-points-over,9.5
440,Jayson Tatum-rebounds-under,10.5
441,Jayson Tatum-steals-under,1.5
442,Jrue Holiday-steals-under,1.5
1234,Andrew Nembhard-blocks-under,0.5
1235,Jayson Tatum-points-under,29.5
1236,Payton Pritchard-steals-under,0.5
972,Al Horford-rebounds-under,7.5
971,Andrew Nembhard-blocks-under,0.5
736,Andrew Nembhard-blocks-under,0.5
737,Jayson Tatum-rebounds-under,10.5
738,Jaylen Brown-rebounds-under,6.5
973,Andrew Nembhard-points-over,10.5
467,Andrew Nembhard-blocks-under,0.5
469,Pascal Siakam-assists-over,2.5
468,Aaron Nesmith-points-over,9.5
1479,Derrick White-rebounds-over,3.5
1478,Payton Pritchard-points-over,9.5
1477,Andrew Nembhard-blocks-under,0.5
1896,Andrew Nembhard-blocks-under,0.5
1897,Payton Pritchard-steals-under,0.5
1898,Payton Pritchard-fg3m-over,1.5
283,Payton Pritchard-steals-under,0.5
281,Andrew Nembhard-blocks-under,0.5
282,Myles Turner-steals-under,0.5
26,Al Horford-rebounds-under,7.5
25,Andrew Nembhard-blocks-under,0.5
24,Obi Toppin-points-over,7.5
1889,Aaron Nesmith-points-over,9.5
1887,Andrew Nembhard-blocks-under,0.5
1888,Derrick White-rebounds-over,3.5
1486,Derrick White-rebounds-over,3.5
1485,Payton Pritchard-fgm-over,3.5
1484,Andrew Nembhard-blocks-under,0.5
1028,T.J. McConnell-points-over,9.5
195,Andrew Nembhard-blocks-under,0.5
196,Jayson Tatum-rebounds-under,10.5
1901,Jayson Tatum-rebounds-under,10.5
1900,T.J. McConnell-points-over,9.5
1899,Andrew Nembhard-blocks-under,0.5
197,Jrue Holiday-rebounds-under,5.5
1027,Payton Pritchard-assists-over,2.5
1026,Andrew Nembhard-blocks-under,0.5
765,Luke Kornet-points-over,3.5
764,Andrew Nembhard-blocks-under,0.5
766,Payton Pritchard-fgm-over,3.5
298,Pascal Siakam-blocks-under,0.5
297,Derrick White-rebounds-over,3.5
296,Jayson Tatum-steals-under,1.5
397,Myles Turner-fg3m-over,1.5
396,Al Horford-rebounds-under,7.5
395,Andrew Nembhard-blocks-under,0.5
1544,Payton Pritchard-fg3m-over,1.5
1542,Andrew Nembhard-blocks-under,0.5
1543,Luke Kornet-points-over,3.5
618,Jrue Holiday-steals-under,1.5
617,Luke Kornet-assists-over,0.5
616,Andrew Nembhard-blocks-under,0.5
211,Pascal Siakam-blocks-under,0.5
210,Andrew Nembhard-blocks-under,0.5
212,Aaron Nesmith-points-over,9.5
213,Andrew Nembhard-blocks-under,0.5
214,T.J. McConnell-points-over,9.5
215,Pascal Siakam-assists-over,2.5
276,Payton Pritchard-assists-over,2.5
275,Andrew Nembhard-blocks-under,0.5
277,Pascal Siakam-assists-over,2.5
503,Pascal Siakam-blocks-under,0.5
504,Andrew Nembhard-points-over,10.5
502,Andrew Nembhard-blocks-under,0.5
897,Andrew Nembhard-blocks-under,0.5
898,Luke Kornet-points-over,3.5
899,Jrue Holiday-rebounds-under,5.5
170,Andrew Nembhard-blocks-under,0.5
171,Jrue Holiday-steals-under,1.5
1671,Jaylen Brown-rebounds-under,6.5
172,Andrew Nembhard-points-over,10.5
1669,Andrew Nembhard-blocks-under,0.5
1670,Jrue Holiday-steals-under,1.5
779,Andrew Nembhard-blocks-under,0.5
780,T.J. McConnell-assists-over,4.5
781,Pascal Siakam-blocks-under,0.5
1627,Andrew Nembhard-blocks-under,0.5
1629,Jrue Holiday-rebounds-under,5.5
1628,Jrue Holiday-steals-under,1.5
833,Andrew Nembhard-blocks-under,0.5
835,T.J. McConnell-assists-over,4.5
834,Jayson Tatum-steals-under,1.5
1452,T.J. McConnell-points-over,9.5
1453,Jayson Tatum-steals-under,1.5
1451,Andrew Nembhard-blocks-under,0.5
179,Andrew Nembhard-blocks-under,0.5
181,Jayson Tatum-steals-under,1.5
180,Payton Pritchard-assists-over,2.5
1536,Andrew Nembhard-blocks-under,0.5
1537,Jayson Tatum-steals-under,1.5
1538,Pascal Siakam-assists-over,2.5
